layer,type,classifier,n,acc_mean,acc_std
0,affirmative,logreg,3150,0.5063271561927511,0.0033468781211228598
0,negated,logreg,3148,0.5050446026586767,0.0058553752449917685
0,conjunction,logreg,3986,0.49649104317949,0.00942323511642204
0,disjunction,logreg,2805,0.5115864527629234,0.008481552408820175
0,comparison,logreg,3960,0.5,0.0
0,all,logreg,17049,0.5015515077322393,0.0025681662543919834
1,affirmative,logreg,3150,0.5562192640035696,0.004566016320274796
1,negated,logreg,3148,0.5418581257392922,0.011084113153241702
1,conjunction,logreg,3986,0.5697432317683072,0.008063827424352047
1,disjunction,logreg,2805,0.5739750445632799,0.008833876430205946
1,comparison,logreg,3960,0.9845959595959596,0.003976771653541302
1,all,logreg,17049,0.6285277314467979,0.0018809897576438012
2,affirmative,logreg,3150,0.5961786763163157,0.0021838924851812535
2,negated,logreg,3148,0.5914957475357161,0.01758520125899782
2,conjunction,logreg,3986,0.5777706386116325,0.006158691437064062
2,disjunction,logreg,2805,0.57825311942959,0.005681774492160156
2,comparison,logreg,3960,0.9775252525252526,0.002575262380602426
2,all,logreg,17049,0.6400103507446843,0.004020139997631059
3,affirmative,logreg,3150,0.6675782558897279,0.00750354186572871
3,negated,logreg,3148,0.688968534372061,0.010916937430271001
3,conjunction,logreg,3986,0.5930796171896011,0.01113165113067653
3,disjunction,logreg,2805,0.5793226381461676,0.008747125951076837
3,comparison,logreg,3960,0.9772727272727272,0.00539246376365217
3,all,logreg,17049,0.6570998295558295,0.0034846491645806783
4,affirmative,logreg,3150,0.7428234741555663,0.011636454556197147
4,negated,logreg,3148,0.7566539698781863,0.007747480521884138
4,conjunction,logreg,3986,0.6771179903964994,0.007329867912285605
4,disjunction,logreg,2805,0.6467023172905526,0.011920323349233878
4,comparison,logreg,3960,0.9904040404040404,0.003928371006591917
4,all,logreg,17049,0.7312111887536218,0.0048426380858518385
5,affirmative,logreg,3150,0.8627946091514204,0.009456059625551112
5,negated,logreg,3148,0.8655559349917704,0.01180497034498609
5,conjunction,logreg,3986,0.7749595069518103,0.00807060613043443
5,disjunction,logreg,2805,0.7190730837789662,0.011126193607363432
5,comparison,logreg,3960,0.9904040404040404,0.0021723043603642817
5,all,logreg,17049,0.8037282204784261,0.0023482531842018398
6,affirmative,logreg,3150,0.8812199472147295,0.00755887389420193
6,negated,logreg,3148,0.8785856376807063,0.01040425247859884
6,conjunction,logreg,3986,0.8000500874831152,0.008297702247077994
6,disjunction,logreg,2805,0.7354723707664883,0.012360025542502463
6,comparison,logreg,3960,0.9891414141414141,0.0018897259529161638
6,all,logreg,17049,0.8222667200661237,0.0014239741377271515
7,affirmative,logreg,3150,0.9136447382241778,0.004646042006930974
7,negated,logreg,3148,0.9071831272541488,0.009800354865106897
7,conjunction,logreg,3986,0.8509748172524559,0.013120968282257261
7,disjunction,logreg,2805,0.7789661319073083,0.015847494310797038
7,comparison,logreg,3960,0.9987373737373737,0.0009448629764580771
7,all,logreg,17049,0.861751715489928,0.0007129520678703247
8,affirmative,logreg,3150,0.9380446200173443,0.00981682720114223
8,negated,logreg,3148,0.9325886195518415,0.010275557334284554
8,conjunction,logreg,3986,0.8853480135742368,0.003922767662494289
8,disjunction,logreg,2805,0.8032085561497326,0.010941896080729272
8,comparison,logreg,3960,0.998989898989899,0.00035712463696289205
8,all,logreg,17049,0.8998783383732648,0.0015948711152807356
9,affirmative,logreg,3150,0.9625086626973663,0.005408914877057567
9,negated,logreg,3148,0.9465867521500216,0.007054459992458327
9,conjunction,logreg,3986,0.9269946603570037,0.002209120781976312
9,disjunction,logreg,2805,0.8399286987522281,0.004965557318069227
9,comparison,logreg,3960,1.0,0.0
9,all,logreg,17049,0.9278300988193208,0.0035239394236226125
10,affirmative,logreg,3150,0.9713982320703874,0.0055633200588634186
10,negated,logreg,3148,0.9583562432871426,0.004796956043936808
10,conjunction,logreg,3986,0.9495742563935199,0.002802694567335687
10,disjunction,logreg,2805,0.8648841354723708,0.00480953210810413
10,comparison,logreg,3960,1.0,0.0
10,all,logreg,17049,0.9423233833912356,0.0029635988073764136
11,affirmative,logreg,3150,0.9732974796165085,0.005594516005988557
11,negated,logreg,3148,0.9618708268381706,0.004814182872944048
11,conjunction,logreg,3986,0.9543391776284974,0.002920626925595917
11,disjunction,logreg,2805,0.8695187165775401,0.012684810605816225
11,comparison,logreg,3960,1.0,0.0
11,all,logreg,17049,0.9505624235121434,0.0014730739787967675
12,affirmative,logreg,3150,0.9732932102486739,0.006039261088542223
12,negated,logreg,3148,0.9682136885351625,0.005408685372372153
12,conjunction,logreg,3986,0.9588568721839955,0.002469588398307611
12,disjunction,logreg,2805,0.8787878787878788,0.013594064859135531
12,comparison,logreg,3960,1.0,0.0
12,all,logreg,17049,0.9535962704608902,0.0028204646120626826
13,affirmative,logreg,3150,0.9806141031279179,0.003364011869555425
13,negated,logreg,3148,0.9729799886337398,0.0032845162606753215
13,conjunction,logreg,3986,0.9686405516724536,0.0023219118077062798
13,disjunction,logreg,2805,0.8841354723707665,0.006195417895537503
13,comparison,logreg,3960,0.9992424242424244,0.0006185580158543192
13,all,logreg,17049,0.9591583425083835,0.0025580711912074534
14,affirmative,logreg,3150,0.9799785772302375,0.0032412642078815906
14,negated,logreg,3148,0.9716956342359481,0.005659016126905667
14,conjunction,logreg,3986,0.9671347164428973,0.0037561474225291294
14,disjunction,logreg,2805,0.8855614973262033,0.003148577848958262
14,comparison,logreg,3960,0.9992424242424244,0.0006185580158543192
14,all,logreg,17049,0.9625755568074035,0.0010287292606188994
15,affirmative,logreg,3150,0.9764755119678267,0.004896597415383339
15,negated,logreg,3148,0.9713693815255998,0.0062377670456918105
15,conjunction,logreg,3986,0.9708978880155686,0.0019787833588646624
15,disjunction,logreg,2805,0.8880570409982175,0.0013339242020584793
15,comparison,logreg,3960,0.9992424242424244,0.0006185580158543192
15,all,logreg,17049,0.9607519799998725,0.0025085460634648293
16,affirmative,logreg,3150,0.9771170390543426,0.0042634332709361724
16,negated,logreg,3148,0.9720202992541189,0.003847436663955777
16,conjunction,logreg,3986,0.9711496474989499,0.00186809778079047
16,disjunction,logreg,2805,0.8852049910873441,0.003937740113079244
16,comparison,logreg,3960,0.9992424242424244,0.0006185580158543192
16,all,logreg,17049,0.961794320569766,0.0034625498507013662
17,affirmative,logreg,3150,0.9764815131566622,0.004068927376213827
17,negated,logreg,3148,0.9710865859380099,0.0013141282802793613
17,conjunction,logreg,3986,0.973407739309382,0.0023177567531734848
17,disjunction,logreg,2805,0.8841354723707665,0.0026678484041169088
17,comparison,logreg,3960,0.9992424242424244,0.0006185580158543192
17,all,logreg,17049,0.9603890105471082,0.002911395219364742
18,affirmative,logreg,3150,0.9717206672499787,0.0039997843570141025
18,negated,logreg,3148,0.9682256699418036,0.001372790381198544
18,conjunction,logreg,3986,0.9698963272200918,0.004868273250891598
18,disjunction,logreg,2805,0.8859180035650623,0.004126858075861043
18,comparison,logreg,3960,0.998989898989899,0.0009448629764580869
18,all,logreg,17049,0.9596244343812773,0.002969635653730368
19,affirmative,logreg,3150,0.9713862296927164,0.006407063591747561
19,negated,logreg,3148,0.9710799241512794,0.0021294107778163864
19,conjunction,logreg,3986,0.9681391102408128,0.0025506109579465394
19,disjunction,logreg,2805,0.8827094474153298,0.004481213935820534
19,comparison,logreg,3960,0.998989898989899,0.0009448629764580869
19,all,logreg,17049,0.9577506899559444,0.003036098563429444
20,affirmative,logreg,3150,0.9729784478942514,0.005634472637621435
20,negated,logreg,3148,0.970760087702304,0.0032691454302738216
20,conjunction,logreg,3986,0.9693937525874756,0.0030845413228195815
20,disjunction,logreg,2805,0.8795008912655972,0.003066782626396644
20,comparison,logreg,3960,0.998989898989899,0.0009448629764580869
20,all,logreg,17049,0.9584002300210916,0.0021474753154890154
21,affirmative,logreg,3150,0.9726576843509935,0.006202697257099539
21,negated,logreg,3148,0.9685335249841378,0.0029804636365807335
21,conjunction,logreg,3986,0.9698953828859457,0.0032446491910338533
21,disjunction,logreg,2805,0.8777183600713013,0.006669621010292209
21,comparison,logreg,3960,0.998989898989899,0.0009448629764580869
21,all,logreg,17049,0.9568126762924026,0.002811505744458528
22,affirmative,logreg,3150,0.9707682443139586,0.004005807734107169
22,negated,logreg,3148,0.9672726423489131,0.001378420824348912
22,conjunction,logreg,3986,0.9703964465839278,0.0015449681821424965
22,disjunction,logreg,2805,0.8802139037433155,0.0045375836225874785
22,comparison,logreg,3960,0.998989898989899,0.000944862976458087
22,all,logreg,17049,0.9555891687283484,0.002825198460675907
23,affirmative,logreg,3150,0.9682308731386559,0.0037694102761136002
23,negated,logreg,3148,0.9653521014555463,0.0037155909311822007
23,conjunction,logreg,3986,0.9693926193865,0.001978977819960051
23,disjunction,logreg,2805,0.8819964349376114,0.0043076812740087626
23,comparison,logreg,3960,0.998989898989899,0.000944862976458087
23,all,logreg,17049,0.9557700818774638,0.0015103055277213351
24,affirmative,logreg,3150,0.9688633984419185,0.004017857213966785
24,negated,logreg,3148,0.9647083365644731,0.007590552541663283
24,conjunction,logreg,3986,0.9698951940191162,0.003732851173365536
24,disjunction,logreg,2805,0.8784313725490196,0.004033407664522192
24,comparison,logreg,3960,0.9987373737373737,0.0007142492739258364
24,all,logreg,17049,0.9557589944710504,0.0022631125888125203
25,affirmative,logreg,3150,0.968869399630754,0.002934120821173379
25,negated,logreg,3148,0.9621824138082381,0.0060646164872514416
25,conjunction,logreg,3986,0.9671347164428973,0.0014248724698379747
25,disjunction,logreg,2805,0.8748663101604278,0.0026197751259712876
25,comparison,logreg,3960,0.998989898989899,0.000944862976458087
25,all,logreg,17049,0.9542342154295332,0.0021305416795437647
26,affirmative,logreg,3150,0.9672720461508838,0.004497674139001038
26,negated,logreg,3148,0.9634481250126582,0.004664899065873592
26,conjunction,logreg,3986,0.9671347164428973,0.0009475828469099944
26,disjunction,logreg,2805,0.8705882352941176,0.006297155697916436
26,comparison,logreg,3960,0.998989898989899,0.000944862976458087
26,all,logreg,17049,0.9524755036975683,0.0020048893449402874
27,affirmative,logreg,3150,0.9679118414163987,0.0037155848337043283
27,negated,logreg,3148,0.9621688447094195,0.007150535752462545
27,conjunction,logreg,3986,0.967134527576068,0.0015560111663730741
27,disjunction,logreg,2805,0.8723707664884136,0.007528952613883377
27,comparison,logreg,3960,0.998989898989899,0.000944862976458087
27,all,logreg,17049,0.9512508546826387,0.0010121266231322423
28,affirmative,logreg,3150,0.9679169766947339,0.002940438946733778
28,negated,logreg,3148,0.9608992215445716,0.00839798691991825
28,conjunction,logreg,3986,0.9666321418102809,0.0037141223188570695
28,disjunction,logreg,2805,0.8716577540106951,0.0017465167506475403
28,comparison,logreg,3960,0.9992424242424244,0.0006185580158543192
28,all,logreg,17049,0.9497823253180653,0.0016760895678485177
29,affirmative,logreg,3150,0.9682317390491564,0.0033478092279913547
29,negated,logreg,3148,0.959950776995519,0.0049340144822158285
29,conjunction,logreg,3986,0.966130511511811,0.0038460060182496187
29,disjunction,logreg,2805,0.8727272727272727,0.0017465167506475403
29,comparison,logreg,3960,0.9994949494949495,0.000714249273925784
29,all,logreg,17049,0.9485569164716573,0.0008491876829741711
30,affirmative,logreg,3150,0.967913976100316,0.003437844113619643
30,negated,logreg,3148,0.9577281262377807,0.006069050018615573
30,conjunction,logreg,3986,0.9633719226038844,0.003090812440836849
30,disjunction,logreg,2805,0.8677361853832442,0.003635664537321047
30,comparison,logreg,3960,0.9992424242424242,0.0010713739108887284
30,all,logreg,17049,0.9488624317612556,0.0012708815538723056
31,affirmative,logreg,3150,0.9688522619747478,0.0060004737009414074
31,negated,logreg,3148,0.9596369312498642,0.00404224207694014
31,conjunction,logreg,3986,0.9671349053097265,0.005225560496095289
31,disjunction,logreg,2805,0.8702317290552584,0.004809532108104077
31,comparison,logreg,3960,0.9992424242424244,0.0006185580158543192
31,all,logreg,17049,0.9468573063401667,0.00024468617788393207
32,affirmative,logreg,3150,0.9653551979011725,0.006530038700295897
32,negated,logreg,3148,0.9609297806519211,0.000603598174575262
32,conjunction,logreg,3986,0.9618677871757911,0.00656291229292779
32,disjunction,logreg,2805,0.8598930481283422,0.002619775125971333
32,comparison,logreg,3960,0.9992424242424244,0.0006185580158543192
32,all,logreg,17049,0.9452808400178911,0.0013597884083514206
